SELECT * FROM movies_sda_sql.actors;
INSERT INTO actors(first_name, last_name, gender)
	VALUES
		('Robert', 'Downey JR','M'),
        ('Johnny', 'Depp','M'),
        ('Emma', 'Stone', 'F'),
        ('Daisy', 'Ridley', 'F'),
        ('George', 'Clooney','M'),
        ('Charlize','Theron', 'F'),
        ('Brad', 'Pitt', 'M'),
        ('Meryl', 'Streep', 'F'),
        ('Tom', 'Cruise','M'),
        ('Julia', 'Roberts','F');
INSERT INTO actors(first_name, last_name, gender)
	VALUES
		 ('Amza','Pelea','M');
INSERT INTO actors(first_name, last_name, gender)
	VALUES
		('Robert', 'Redford','M'),
        ('Johnny', 'Mnemonic','M'),
        ('Emma', 'Hart', 'F'),
        ('Daisy', 'May', 'F'),
        ('George', 'Jungle','M'),
        ('Charlie','Chaplin', 'M'),
        ('Bradley', 'Cooper', 'M'),
        ('Merylin', 'Monroe', 'F'),
        ('Tomas', 'Lee','M'),
        ('Robert', 'Redford','M'),
        ('Johnny', 'Mnemonic','M'),
        ('Emma', 'Hart', 'F'),
        ('Daisy', 'May', 'F'),
        ('George', 'Jungle','M'),
        ('Charlie','Chaplin', 'M'),
        ('Bradley', 'Cooper', 'M'),
        ('Oana', 'Pelea', 'F'),
        ('Puiu', 'Calinescu','M'),
        ('Sebastian', 'Papaiani','M'),
        ('Gheorghe', 'Dinica','M'),
        ('Maia', 'Morgenstern', 'F'),
        ('Daisy', 'May', 'F'),
        ('Andi', 'Vasluianu','M'),
        ('Victor','Rebenciuc', 'M'),
        ('Stefan', 'Banica', 'M'),
        ('Merylin', 'Monroe', 'F'),
        ('Mircea', 'Albulescu','M'),
        ('Bogdan', 'Dumitrache','M'),
        ('Marius', 'Bodochi','M'),
        ('Juliette', 'Binoche', 'F'),
        ('Marius', 'Manole', 'M'),
        ('Alain', 'Delon','M'),
        ('Jean Paul','Belmondo', 'M'),
        ('Gerard', 'Depardieu', 'M'),
        ('Brigitte', 'Bardot', 'F'),
        ('Marcel Marceau', 'Lee','M'),
        ('Alexandru', 'Arsinel','M');
INSERT INTO actors(first_name, last_name, gender)
	VALUES
		('Arnold', 'Schwarzenegger','M');
INSERT INTO directors(first_name, last_name)
	VALUES 
		('Steven','Spielberg'),
        ('Christopher', 'McQuarrie'),
        ('George', 'Lucas'),
        ('Robert', 'Redford'),
        ('Tim','Barton'),
        ('JON','Favreau'),
		('Clint', 'Eastood');
INSERT INTO directors(first_name, last_name)
	VALUES 
		 ('Sergiu','Nicolaescu');
INSERT INTO directors(first_name, last_name)
	VALUES 
		 ('Cristian','Mungiu'),
         ('Corneliu','Porumboiu'),
         ('Mircea','Danieliuc'),
         ('Dan','Pita'),
         ('Mircea','Veroiu'),
         ('Luc','Besson'),
         ('Roman','Polanski'),
         ('Jean','Cocteau'),
         ('Jean','Georgescu');
INSERT INTO directors(first_name, last_name)
	VALUES 
		('James','Cameron');
INSERT INTO genres(movie_type)
	VALUES
		('commedy'),
        ('drama'),
        ('action'),
        ('SF'),
        ('horror'),
        ('romance');
INSERT INTO movies(title, duration, movie_language, release_date, release_country)
	VALUES
		('Star Wars', '125', 'en','1977-05-25', 'USA'),
        ('Iron Man', '126', 'en', '2008-05-02', 'USA'),
        ('Mihai Viteazul', '125', 'ro', '1970-10-20', 'Romania'),
        ('Mission Impossible', '110', 'en', '1996-10-26','USA'),
        ('The Bridges Of Madison County', '135', 'en', '1995-06-02', 'USA'),
        ('Hook', '141', 'en', '1991-12-08', 'USA');
INSERT INTO movies(title, duration, movie_language, release_date, release_country)
	VALUES        
        ('Terminator', '125', 'en','1984-02-25', 'USA'),
        ('Terminator 2 Judgement Day', '130', 'en','1991-10-25', 'USA'),
        ('Terminator 3 Rise of the MAchine', '124', 'en','2003-05-01', 'USA'),
        ('Terminator Salvtion', '130', 'en','2009-02-25', 'USA'),
        ('Terminator 5 Genisys', '175', 'en','2015-11-05', 'USA'),
        ('Terminator 6 Dark Fate', '121', 'en','2019-10-06', 'USA');
INSERT INTO movies(title, duration, movie_language, release_date, release_country)
	VALUES        
        ('Child Pose', '125', 'ro','2013-02-28', 'Romania'),
        ('Morometii', '130', 'ro','2012-10-25', 'Romania'),
        ('Moartea domnului Lazarescu', '124', 'ro','2003-05-01', 'Romania'),
        ('Aferim', '130', 'ro','2015-02-25', 'Romania'),
        ('Padurea spanzuratilor', '175', 'ro','1964-11-05', 'Romania'),
        ('Nea Marin Miliardar', '121', 'ro','1979-05-06', 'Romania'),
        ('Amelie', '125', 'fr','2001-02-28', 'France'),
        ('Taxi', '130', 'fr','1998-10-25', 'France'),
        ('Cu sufletul la gura', '124', 'fr','1960-05-01', 'France'),
        ('La belle epoque', '130', 'fr','2008-02-25', 'France'),
        ('La cite de la oeur', '175', 'fr','1994-11-05', 'France'),
        ('Les Miserable', '121', 'fr','2019-05-06', 'France');
INSERT INTO reviewers(nickname)
	VALUES
		('ALEX'),
        ('MINOTHAUR'),
        ('Ginger'),
        ('PackMan'),
        ('Lady in Black'),
        ('Sunshine');
INSERT INTO reviewers(nickname)
	VALUES
		('Mary'),
        ('Mango'),
        ('Ginny'),
        ('Hunger'),
        ('Loveboy'),
        ('Many'),
        ('MadMax'),
        ('Oana'),
        ('Nico'),
        ('Bill'),
        ('Gangster'),
        ('Mellon'),
        ('Freeman'),
        ('Firefighter'),
        ('Justme'),
        ('Follow'),
        ('Zenga'),
        ('ZUZU');
INSERT INTO movies_directors(movie_id, director_id,director_type)
	VALUES
		('7', '11', 'movie director'),
        ('8', '18', 'movie director'),
        ('9', '20', 'movie director'),
        ('10', '14', 'music director'),
        ('11', '19', 'screenplay director'),
        ('12', '13', 'movie director'),
        ('13', '20', 'screenplay director');
INSERT INTO movies_directors(movie_id, director_id,director_type)
	VALUES
		('14', '36', 'movie director'),
        ('15', '36', 'movie director'),
        ('16', '36', 'movie director'),
        ('17', '36', 'movie director'),
        ('18', '36', 'movie director'),
        ('19', '36', 'movie director'),
        ('14', '19', 'screenplay director'),
        ('20', '20', 'movie director'),
        ('21', '20', 'screenplay director'),
        ('22', '20', 'movie director'),
        ('23', '23', 'movie director'),
        ('24', '24', 'screenplay director'),
        ('25', '30', 'movie director'),
        ('26', '30', 'screenplay director'),
        ('27', '32', 'music director'),
        ('28', '33', 'movie director'),
        ('29', '33', 'music director'),
        ('30', '34', 'screenplay director'),
        ('31', '35', 'screenplay director');       
INSERT INTO movies_actors(movie_id, actors_id)
	VALUES
		('7', '4'),
        ('8', '1'),
        ('9', '11'),
        ('10', '9'),
        ('11', '8'),
        ('12', '10'),
        ('13', '11'),
        ('12', '2');
INSERT INTO movies_actors(movie_id, actors_id)
	VALUES
		('14', '49'),
        ('15', '49'),
        ('16', '49'),
        ('17', '49'),
        ('18', '49'),
        ('19', '49'),
        ('20', '34'),
        ('20', '35'),
        ('21', '36'),
        ('21', '35'),
        ('22', '36'),
        ('22', '37'),
        ('23', '37'),
        ('23', '48'),
        ('24', '38'),
        ('24', '39'),
        ('25', '40'),
        ('25', '34'),
        ('26', '41'),
        ('27', '42'),
        ('27', '43'),
        ('28', '44'),
        ('28', '45'),
        ('29', '41'),
        ('29', '44'),
        ('30', '42'),
        ('31', '47'),
        ('31', '42'),
        ('7', '20'),
        ('8', '21'),
        ('9', '22'),
        ('10', '23'),
        ('10', '30'),
        ('11', '14'),
        ('11', '29'),
        ('12', '32'),
        ('12', '30'),
        ('13', '21'),
        ('13', '28'),
         ('14', '31'),
        ('14', '8'),
        ('15', '7'),
        ('16', '9'),
        ('17', '12'),
        ('18', '28');
INSERT INTO movies_genres(movies_id, genre_id)
	VALUES
		('7', '4'),
        ('8', '3'),
        ('9', '2'),
        ('10', '3'),
        ('11', '6'),
        ('12', '1'),
         ('13', '2');
INSERT INTO movies_genres(movies_id, genre_id)
	VALUES        
        ('14', '4'),
        ('15', '3'),
        ('16', '2'),
        ('17', '3'),
        ('18', '6'),
        ('19', '1'),
        ('20', '4'),
        ('21', '3'),
        ('22', '2'),
        ('23', '3'),
        ('24', '6'),
        ('25', '1'),
        ('26', '4'),
        ('27', '3'),
        ('28', '2'),
        ('29', '3'),
        ('30', '6'),
        ('31', '1');
        
INSERT INTO ratings(movie_id, rating, reviewer_id, comment)
	VALUES
		('7', '8', '2',' good movie'),
        ('7', '9','1', 'my favorite movie'),
        ('8', '7', '3', 'nice job'),
        ('8', '10', '4', 'The best movie ever'),
        ('9', '10', '1', 'Egaleaza orice film de top din afara'),
        ('10', '9','2', 'As good as it gets'),
        ('11', '9', '5', 'Cried all night. I am impressed'),
        ('12', '8','6', 'Loved Julia Roberts. Too tiny, though.'),
        ('13', '8', '2', 'Good action movie');
INSERT INTO ratings(movie_id, rating, reviewer_id, comment)
	VALUES
		('14', '8', '7',' good movie'),
        ('14', '9','8', 'my favorite movie'),
        ('14','3','9', 'not my favorite movie'),
        ('14', '5','10', 'not a fan'),
        ('14', '8','11', 'good movie'),
        ('14', '7','12', 'nice movie'),
        ('14', '9','14', 'my favorite movie'),
        ('14', '2','15', 'bad movie'),
        ('14', '4','16', 'bad movie'),
        ('14', '3','17', 'bad movie'),
        ('14', '5','18', 'not my favorite movie'),
        ('14', '7','19', 'nice movie'),
        ('14', '8','20', 'good movie'),
        ('14', '9','21', 'my favorite movie'),
        ('14', '10','22', 'my favorite movie'),
        ('14', '8','23', 'my favorite movie'),
        ('14', '9','24', 'my favorite movie'),
        ('15', '7', '7', 'nice jog'),
        ('15', '8', '8', 'good job'),
        ('15', '9', '9', 'my favorite movie'),
        ('15', '5', '10', 'nice job'),
        ('15', '6', '11', 'not my favorite movie'),
        ('15', '2', '12', 'bad job'),
        ('15', '3', '13', 'bad job'),
        ('15', '4', '14', 'not my favorite movie'),
        ('15', '8', '15', 'nice movie'),
        ('15', '7', '16', 'nice job'),
        ('15', '9', '17', 'my favorite movie'),
        ('15', '8', '18', 'nice job'),
        ('15', '2', '19', 'bad job'),
        ('15', '7', '20', 'not my favorite movie'),
        ('15', '6', '21', 'nice job'),
        ('16', '10', '7', 'The best movie ever'),
        ('16', '9', '8', 'Egaleaza orice film de top din afara'),
        ('16', '10', '9', 'The best movie ever'),
        ('16', '10', '10', 'nice job'),
        ('16', '10', '11', 'not my favorite movie'),
        ('16', '10', '12', 'The best movie ever'),
        ('16', '10', '13', 'The best movie ever'),
        ('16', '10', '14', 'nice job'),
        ('16', '10', '15', 'The best movie ever'),
        ('16', '10', '18', 'not my favorite movie'),
        ('16', '10', '19', 'nice job'),
        ('16', '10', '20', 'The best movie ever'),
        ('16', '10', '21', 'not my favorite movie'),
        ('16', '10', '22', 'nice job'),
        ('16', '10', '23', 'my favorite movie'),
        ('16', '10', '24', 'The best movie ever'),
        ('16', '10', '17', 'nice job'),
        ('17', '10', '7', 'The best movie ever'),
        ('17', '9', '8', 'Egaleaza orice film de top din afara'),
        ('17', '10', '9', 'The best movie ever'),
        ('17', '10', '10', 'nice job'),
        ('17', '10', '11', 'not my favorite movie'),
        ('17', '10', '12', 'The best movie ever'),
        ('17', '10', '13', 'The best movie ever'),
        ('17', '10', '14', 'nice job'),
        ('17', '10', '15', 'The best movie ever'),
        ('17', '10', '18', 'not my favorite movie'),
        ('17', '10', '19', 'nice job'),
        ('17', '10', '20', 'The best movie ever'),
        ('17', '10', '21', 'not my favorite movie'),
        ('17', '10', '22', 'nice job'),
        ('17', '10', '23', 'my favorite movie'),
        ('17', '10', '24', 'The best movie ever'),
        ('17', '10', '17', 'nice job'),
        ('17', '8','2', 'As good as it gets'),
        ('18', '10', '7', 'The best movie ever'),
        ('18', '9', '8', 'Egaleaza orice film de top din afara'),
        ('18', '10', '9', 'The best movie ever'),
        ('18', '10', '10', 'nice job'),
        ('18', '10', '11', 'not my favorite movie'),
        ('18', '10', '12', 'The best movie ever'),
        ('18', '10', '13', 'The best movie ever'),
        ('18', '10', '14', 'nice job'),
        ('18', '10', '15', 'The best movie ever'),
        ('18', '10', '18', 'not my favorite movie'),
        ('18', '10', '19', 'nice job'),
        ('18', '10', '20', 'The best movie ever'),
        ('18', '10', '21', 'not my favorite movie'),
        ('18', '10', '22', 'nice job'),
        ('18', '10', '23', 'my favorite movie'),
        ('18', '10', '24', 'The best movie ever'),
        ('18', '10', '17', 'nice job'),
        ('18', '8','2', 'As good as it gets'),
        ('18', '9', '5', 'Cried all night. I am impressed'),
        ('19', '10', '7', 'The best movie ever'),
        ('19', '9', '8', 'Egaleaza orice film de top din afara'),
        ('19', '10', '9', 'The best movie ever'),
        ('19', '10', '10', 'nice job'),
        ('19', '10', '11', 'not my favorite movie'),
        ('19', '10', '12', 'The best movie ever'),
        ('19', '10', '13', 'The best movie ever'),
        ('19', '10', '14', 'nice job'),
        ('19', '10', '15', 'The best movie ever'),
        ('19', '10', '18', 'not my favorite movie'),
        ('19', '10', '19', 'nice job'),
        ('19', '10', '20', 'The best movie ever'),
        ('19', '10', '21', 'not my favorite movie'),
        ('19', '10', '22', 'nice job'),
        ('19', '10', '23', 'my favorite movie'),
        ('19', '10', '24', 'The best movie ever'),
        ('19', '10', '17', 'nice job'),
        ('19', '8','2', 'As good as it gets'),
        ('19', '9', '5', 'Cried all night. I am impressed'),
        ('19', '8','6', 'Loved Julia Roberts. Too tiny, though.'),
        ('20', '10', '7', 'The best movie ever'),
        ('20', '9', '8', 'Egaleaza orice film de top din afara'),
        ('20', '10', '9', 'The best movie ever'),
        ('20', '10', '10', 'nice job'),
        ('20', '10', '11', 'not my favorite movie'),
        ('20', '10', '12', 'The best movie ever'),
        ('20', '10', '13', 'The best movie ever'),
        ('20', '10', '14', 'nice job'),
        ('20', '10', '15', 'The best movie ever'),
        ('20', '10', '18', 'not my favorite movie'),
        ('20', '10', '19', 'nice job'),
        ('20', '10', '20', 'The best movie ever'),
        ('20', '10', '21', 'not my favorite movie'),
        ('20', '10', '22', 'nice job'),
        ('20', '10', '23', 'my favorite movie'),
        ('20', '10', '24', 'The best movie ever'),
        ('20', '10', '17', 'nice job'),
        ('20', '8','2', 'As good as it gets'),
        ('20', '9', '5', 'Cried all night. I am impressed'),
        ('20', '6', '1', 'Good action movie'),
        ('21', '10', '7', 'The best movie ever'),
        ('21', '9', '8', 'Egaleaza orice film de top din afara'),
        ('21', '10', '9', 'The best movie ever'),
        ('21', '10', '10', 'nice job'),
        ('21', '10', '11', 'not my favorite movie'),
        ('21', '10', '12', 'The best movie ever'),
        ('21', '10', '13', 'The best movie ever'),
        ('21', '10', '14', 'nice job'),
        ('21', '10', '15', 'The best movie ever'),
        ('21', '10', '18', 'not my favorite movie'),
        ('21', '10', '19', 'nice job'),
        ('21', '10', '20', 'The best movie ever'),
        ('21', '10', '21', 'not my favorite movie'),
        ('21', '10', '22', 'nice job'),
        ('21', '10', '23', 'my favorite movie'),
        ('21', '10', '24', 'The best movie ever'),
        ('21', '10', '17', 'nice job'),
        ('21', '8','2', 'As good as it gets'),
        ('21', '9', '5', 'Cried all night. I am impressed'),
        ('21', '6', '1', 'Good action movie'),
         ('22', '10', '7', 'The best movie ever'),
        ('22', '9', '8', 'Egaleaza orice film de top din afara'),
        ('22', '10', '9', 'The best movie ever'),
        ('22', '7', '10', 'nice job'),
        ('22', '3', '11', 'not my favorite movie'),
        ('22', '10', '12', 'The best movie ever'),
        ('22', '10', '13', 'The best movie ever'),
        ('22', '8', '14', 'nice job'),
        ('22', '10', '15', 'The best movie ever'),
        ('22', '2', '18', 'not my favorite movie'),
        ('22', '6', '19', 'nice job'),
        ('22', '10', '20', 'The best movie ever'),
        ('22', '2', '21', 'not my favorite movie'),
        ('22', '5', '22', 'nice job'),
        ('22', '9', '23', 'my favorite movie'),
        ('22', '9', '24', 'The best movie ever'),
        ('22', '7', '17', 'nice job'),
        ('22', '9','2', 'As good as it gets'),
        ('22', '9', '5', 'Cried all night. I am impressed'),
        ('22', '6', '1', 'Good action movie'),
         ('23', '10', '7', 'The best movie ever'),
        ('23', '9', '8', 'Egaleaza orice film de top din afara'),
        ('23', '10', '9', 'The best movie ever'),
        ('23', '8', '10', 'nice job'),
        ('23', '9', '11', 'not my favorite movie'),
        ('23', '9', '12', 'The best movie ever'),
        ('23', '9', '13', 'The best movie ever'),
        ('23', '7', '14', 'nice job'),
        ('23', '9', '15', 'The best movie ever'),
        ('23', '4', '18', 'not my favorite movie'),
        ('23', '6', '19', 'nice job'),
        ('23', '8', '4', 'The best movie ever'),
        ('23', '4', '21', 'not my favorite movie'),
        ('23', '6', '5', 'nice job'),
        ('23', '7', '3', 'my favorite movie'),
        ('23', '10', '24', 'The best movie ever'),
        ('23', '8', '17', 'nice job'),
        ('23', '8','2', 'As good as it gets'),
        ('23', '9', '5', 'Cried all night. I am impressed'),
        ('23', '6', '1', 'Good action movie'),
        ('24', '10', '7', 'The best movie ever'),
        ('24', '9', '8', 'Egaleaza orice film de top din afara'),
        ('24', '10', '9', 'The best movie ever'),
        ('24', '8', '10', 'nice job'),
        ('24', '9', '11', 'not my favorite movie'),
        ('24', '9', '12', 'The best movie ever'),
        ('24', '9', '13', 'The best movie ever'),
        ('24', '7', '14', 'nice job'),
        ('24', '9', '15', 'The best movie ever'),
        ('24', '4', '18', 'not my favorite movie'),
        ('24', '6', '19', 'nice job'),
        ('24', '8', '4', 'The best movie ever'),
        ('24', '4', '21', 'not my favorite movie'),
        ('24', '6', '5', 'nice job'),
        ('24', '7', '3', 'my favorite movie'),
        ('24', '10', '24', 'The best movie ever'),
        ('24', '8', '17', 'nice job'),
        ('24', '8','2', 'As good as it gets'),
        ('24', '9', '5', 'Cried all night. I am impressed'),
        ('24', '6', '1', 'Good action movie'),
        ('25', '10', '7', 'The best movie ever'),
        ('25', '9', '8', 'Egaleaza orice film de top din afara'),
        ('25', '10', '9', 'The best movie ever'),
        ('25', '8', '10', 'nice job'),
        ('25', '9', '11', 'not my favorite movie'),
        ('25', '9', '12', 'The best movie ever'),
        ('25', '9', '13', 'The best movie ever'),
        ('25', '7', '14', 'nice job'),
        ('25', '9', '15', 'The best movie ever'),
        ('25', '4', '18', 'not my favorite movie'),
        ('25', '6', '19', 'nice job'),
        ('25', '8', '4', 'The best movie ever'),
        ('25', '4', '21', 'not my favorite movie'),
        ('25', '6', '5', 'nice job'),
        ('25', '7', '3', 'my favorite movie'),
        ('25', '10', '24', 'The best movie ever'),
        ('25', '8', '17', 'nice job'),
        ('25', '8','2', 'As good as it gets'),
        ('25', '9', '5', 'Cried all night. I am impressed'),
        ('25', '6', '1', 'Good action movie'),
        ('26', '10', '7', 'The best movie ever'),
        ('26', '9', '8', 'Egaleaza orice film de top din afara'),
        ('26', '10', '9', 'The best movie ever'),
        ('26', '8', '10', 'nice job'),
        ('26', '9', '11', 'not my favorite movie'),
        ('26', '9', '12', 'The best movie ever'),
        ('26', '9', '13', 'The best movie ever'),
        ('26', '7', '14', 'nice job'),
        ('26', '9', '15', 'The best movie ever'),
        ('26', '4', '18', 'not my favorite movie'),
        ('26', '6', '19', 'nice job'),
        ('26', '8', '4', 'The best movie ever'),
        ('26', '4', '21', 'not my favorite movie'),
        ('26', '6', '5', 'nice job'),
        ('26', '7', '3', 'my favorite movie'),
        ('26', '10', '24', 'The best movie ever'),
        ('26', '8', '17', 'nice job'),
        ('26', '8','2', 'As good as it gets'),
        ('26', '9', '5', 'Cried all night. I am impressed'),
        ('26', '6', '1', 'Good action movie'),
        ('27', '10', '7', 'The best movie ever'),
        ('27', '9', '8', 'Egaleaza orice film de top din afara'),
        ('27', '10', '9', 'The best movie ever'),
        ('27', '8', '10', 'nice job'),
        ('27', '9', '11', 'not my favorite movie'),
        ('27', '9', '12', 'The best movie ever'),
        ('27', '9', '13', 'The best movie ever'),
        ('27', '7', '14', 'nice job'),
        ('27', '9', '15', 'The best movie ever'),
        ('27', '4', '18', 'not my favorite movie'),
        ('27', '6', '19', 'nice job'),
        ('27', '8', '4', 'The best movie ever'),
        ('27', '4', '21', 'not my favorite movie'),
        ('27', '6', '5', 'nice job'),
        ('27', '7', '3', 'my favorite movie'),
        ('27', '10', '24', 'The best movie ever'),
        ('27', '8', '17', 'nice job'),
        ('27', '8','2', 'As good as it gets'),
        ('27', '9', '5', 'Cried all night. I am impressed'),
        ('27', '6', '1', 'Good action movie'),
        ('28', '10', '7', 'The best movie ever'),
        ('28', '9', '8', 'Egaleaza orice film de top din afara'),
        ('28', '10', '9', 'The best movie ever'),
        ('28', '8', '10', 'nice job'),
        ('28', '9', '11', 'not my favorite movie'),
        ('28', '9', '12', 'The best movie ever'),
        ('28', '9', '13', 'The best movie ever'),
        ('28', '7', '14', 'nice job'),
        ('28', '9', '15', 'The best movie ever'),
        ('28', '4', '18', 'not my favorite movie'),
        ('28', '6', '19', 'nice job'),
        ('28', '8', '4', 'The best movie ever'),
        ('28', '4', '21', 'not my favorite movie'),
        ('28', '6', '5', 'nice job'),
        ('28', '7', '3', 'my favorite movie'),
        ('28', '10', '24', 'The best movie ever'),
        ('28', '8', '17', 'nice job'),
        ('28', '8','2', 'As good as it gets'),
        ('28', '9', '5', 'Cried all night. I am impressed'),
        ('28', '6', '1', 'Good action movie'),
         ('29', '10', '7', 'The best movie ever'),
        ('29', '9', '8', 'Egaleaza orice film de top din afara'),
        ('29', '10', '9', 'The best movie ever'),
        ('29', '8', '10', 'nice job'),
        ('29', '9', '11', 'not my favorite movie'),
        ('29', '9', '12', 'The best movie ever'),
        ('29', '9', '13', 'The best movie ever'),
        ('29', '7', '14', 'nice job'),
        ('29', '9', '15', 'The best movie ever'),
        ('29', '4', '18', 'not my favorite movie'),
        ('29', '6', '19', 'nice job'),
        ('29', '8', '4', 'The best movie ever'),
        ('29', '4', '21', 'not my favorite movie'),
        ('29', '6', '5', 'nice job'),
        ('29', '7', '3', 'my favorite movie'),
        ('29', '10', '24', 'The best movie ever'),
        ('29', '8', '17', 'nice job'),
        ('29', '8','2', 'As good as it gets'),
        ('29', '9', '5', 'Cried all night. I am impressed'),
        ('29', '6', '1', 'Good action movie'),
        ('30', '10', '7', 'The best movie ever'),
        ('30', '9', '8', 'Egaleaza orice film de top din afara'),
        ('30', '10', '9', 'The best movie ever'),
        ('30', '8', '10', 'nice job'),
        ('30', '9', '11', 'not my favorite movie'),
        ('30', '9', '12', 'The best movie ever'),
        ('30', '9', '13', 'The best movie ever'),
        ('30', '7', '14', 'nice job'),
        ('30', '9', '15', 'The best movie ever'),
        ('30', '4', '18', 'not my favorite movie'),
        ('30', '6', '19', 'nice job'),
        ('30', '8', '4', 'The best movie ever'),
        ('30', '4', '21', 'not my favorite movie'),
        ('30', '6', '5', 'nice job'),
        ('30', '7', '3', 'my favorite movie'),
        ('30', '10', '24', 'The best movie ever'),
        ('30', '8', '17', 'nice job'),
        ('30', '8','2', 'As good as it gets'),
        ('30', '9', '5', 'Cried all night. I am impressed'),
        ('31', '6', '1', 'Good action movie'),
        ('31', '10', '7', 'The best movie ever'),
        ('31', '9', '8', 'Egaleaza orice film de top din afara'),
        ('31', '10', '9', 'The best movie ever'),
        ('31', '8', '10', 'nice job'),
        ('31', '9', '11', 'not my favorite movie'),
        ('31', '9', '12', 'The best movie ever'),
        ('31', '9', '13', 'The best movie ever'),
        ('31', '7', '14', 'nice job'),
        ('31', '9', '15', 'The best movie ever'),
        ('31', '4', '18', 'not my favorite movie'),
        ('31', '6', '19', 'nice job'),
        ('31', '8', '4', 'The best movie ever'),
        ('31', '4', '21', 'not my favorite movie'),
        ('31', '6', '5', 'nice job'),
        ('31', '7', '3', 'my favorite movie'),
        ('31', '10', '24', 'The best movie ever'),
        ('31', '8', '17', 'nice job'),
        ('31', '8','2', 'As good as it gets'),
        ('31', '9', '5', 'Cried all night. I am impressed'),
        ('31', '6', '1', 'Good action movie');